lead_id,campaign_key,url,url_hash,url_protocol,url_domain,url_path,url_fragment,url_query_string,category_prediction,sub_category_annotation,category_path
224B62BC-A03C-7A10-B714-4820E182DF5E,A1812AC6-A306-7D8E-8A34-7034094E1D59,https://offers.lendingtree.com/tlm.aspx?tid=h2&vid=0-0-4-0-0-1-0-1&SpId=CRM-HE-11850-100&promo=00109&ccreative=button&cchannel=crm&csource=email&cmethod=promo&cname=calculator&cproduct=he&cterm=4e207a6b-eb3e-4ff1-ac70-9ebb382ae00e&ccontent=promo-calculator-he-var1&esourceid=6263906&bsft_eid=178ebfe7-bd04-48b4-8fad-99833229e122&bsft_clkid=70ae57ee-018c-4685-93f8-07a4f406d202&bsft_uid=dd688876-bc47-424a-898e-4a7b4dd27771&bsft_mid=1e642f70-fd03-4e61-a3b6-b962dd817c4d&ctype=mylt&cvo_user=22589ac5-c873-4989-83d7-85d9a7510673#/step/1/,689e7f5f3b09891b92631827d2b5cb7b,https,offers.lendingtree.com,/tlm.aspx,/step/1/,tid=h2&vid=0-0-4-0-0-1-0-1&SpId=CRM-HE-11850-100&promo=00109&ccreative=button&cchannel=crm&csource=email&cmethod=promo&cname=calculator&cproduct=he&cterm=4e207a6b-eb3e-4ff1-ac70-9ebb382ae00e&ccontent=promo-calculator-he-var1&esourceid=6263906&bsft_eid=178ebfe7-bd04-48b4-8fad-99833229e122&bsft_clkid=70ae57ee-018c-4685-93f8-07a4f406d202&bsft_uid=dd688876-bc47-424a-898e-4a7b4dd27771&bsft_mid=1e642f70-fd03-4e61-a3b6-b962dd817c4d&ctype=mylt&cvo_user=22589ac5-c873-4989-83d7-85d9a7510673,mortgage,mortgage_heloc,mortgage_heloc
87FB8F55-660D-EE4F-B8E0-29DC0A529E99,B87EED3A-5F1D-1EA4-B60B-FCC3F180B22D,http://10.32.55.112:8080/lending/home-equity/app/index.loan,dbd63d0df70511a84ff06d6016d43908,http,10.32.55.112:8080,/lending/home-equity/app/index.loan,,,mortgage,mortgage_heloc,mortgage_heloc
92D5BC38-DEF6-B0B2-D4A7-F2A492372D32,A1812AC6-A306-7D8E-8A34-7034094E1D59,https://offers.lendingtree.com/tla.aspx?tid=h2&vid=0-0-4-0-0-1-0-1&loan-type=HOMEEQUITY&icode=14640&cproduct=HE&SpId=Display-HE-25063-20&promo=00109&esourceid=6237396&cchannel=display&csource=Google_Display_Network&cmethod=89665327&cname=1891613347236959309&ccreative=LT_060915_HELOC_ChooseAmounts_GreenWhite_300x250_5_html&cterm=LendingTree___display_campaign&siteid=36959&mpt=1492781226&mpcs=bypass&mpcr=89665327&mpcrset=root&gclid=CMipy9yRitcCFUY6gQodXAcPBQ&mpch=ads#/step/1/,35f9aeb0b6dd656816e251542b3d50f0,https,offers.lendingtree.com,/tla.aspx,/step/1/,tid=h2&vid=0-0-4-0-0-1-0-1&loan-type=HOMEEQUITY&icode=14640&cproduct=HE&SpId=Display-HE-25063-20&promo=00109&esourceid=6237396&cchannel=display&csource=Google_Display_Network&cmethod=89665327&cname=1891613347236959309&ccreative=LT_060915_HELOC_ChooseAmounts_GreenWhite_300x250_5_html&cterm=LendingTree___display_campaign&siteid=36959&mpt=1492781226&mpcs=bypass&mpcr=89665327&mpcrset=root&gclid=CMipy9yRitcCFUY6gQodXAcPBQ&mpch=ads,mortgage,mortgage_heloc,mortgage_heloc
196F777D-16C9-3E97-E8C3-24897B62A276,B87EED3A-5F1D-1EA4-B60B-FCC3F180B22D,https://lowermybills.com/lending/home-equity/app/index.loan,ff1e83b8ee6c2dcc0c00c017c845a904,https,lowermybills.com,/lending/home-equity/app/index.loan,,,mortgage,mortgage_heloc,mortgage_heloc
18B94755-F4B1-7FF5-F7D6-3A0CFF70317F,A1812AC6-A306-7D8E-8A34-7034094E1D59,https://offers.lendingtree.com/tlm.aspx?tid=h2&vid=0-0-4-0-0-1-0-1&SpId=content-mortgage-23346-80&loan-type=HOMEEQUITY&esourceid=6267056&cchannel=content&cproduct=mortgage&ccontent=54bf602c-2148-4799-b684-74572be1a73e&csource=stringo_primary&ccreative=8cb42cfd-bfb5-4228-ad31-665e921caa46#/step/1/,2bd1d5bd963eb77ec8a08aee5170391c,https,offers.lendingtree.com,/tlm.aspx,/step/1/,tid=h2&vid=0-0-4-0-0-1-0-1&SpId=content-mortgage-23346-80&loan-type=HOMEEQUITY&esourceid=6267056&cchannel=content&cproduct=mortgage&ccontent=54bf602c-2148-4799-b684-74572be1a73e&csource=stringo_primary&ccreative=8cb42cfd-bfb5-4228-ad31-665e921caa46,mortgage,mortgage_heloc,mortgage_heloc
E09774DF-C7D9-8DF3-5462-9D0030336B0D,B87EED3A-5F1D-1EA4-B60B-FCC3F180B22D,https://lowermybills.com/lending/home-equity/app/index.loan?trafficQualifierId=14422&sourceId=medfbklre_1862636806&visitorId=3308710378&verticalVisitorId=4263241426&inquiryId=600051451&leadid_token=,d2512e5a5a4814c8482bcddb450fde50,https,lowermybills.com,/lending/home-equity/app/index.loan,,trafficQualifierId=14422&sourceId=medfbklre_1862636806&visitorId=3308710378&verticalVisitorId=4263241426&inquiryId=600051451&leadid_token=,mortgage,mortgage_heloc,mortgage_heloc
01E1714F-9753-3244-40E4-9649B0B084BF,A1812AC6-A306-7D8E-8A34-7034094E1D59,https://offers.lendingtree.com/tlm.aspx?tid=h2&vid=0-0-4-0-0-1-0-1&SpId=GDN-medium-exchange-23303-100&800num=800-813-4824&loan-type=HOMEEQUITY&r=1&esourceid=6229456&cchannel=display&csource=Google_Display_Network&cmethod=101738630&cname=1891613347236959260&ccreative=LT_012317_CleanLoanSlider_Faster4_WhiteBg_BlueBtnCalculate_300x250_HTML5&cterm=LendingTree___display_campaign&siteid=36959&cproduct=mortgage&mpt=1322166008&mpcs=bypass&mpcr=101738630&mpcrset=root&gclid=CLHNpIOXqtUCFYiNswodBEABSg&mpch=ads#/step/2/,7cd81962775aeeb652afda4300abded1,https,offers.lendingtree.com,/tlm.aspx,/step/2/,tid=h2&vid=0-0-4-0-0-1-0-1&SpId=GDN-medium-exchange-23303-100&800num=800-813-4824&loan-type=HOMEEQUITY&r=1&esourceid=6229456&cchannel=display&csource=Google_Display_Network&cmethod=101738630&cname=1891613347236959260&ccreative=LT_012317_CleanLoanSlider_Faster4_WhiteBg_BlueBtnCalculate_300x250_HTML5&cterm=LendingTree___display_campaign&siteid=36959&cproduct=mortgage&mpt=1322166008&mpcs=bypass&mpcr=101738630&mpcrset=root&gclid=CLHNpIOXqtUCFYiNswodBEABSg&mpch=ads,mortgage,mortgage_heloc,mortgage_heloc
037650C6-A294-324E-35C9-26185CFE57FE,A1812AC6-A306-7D8E-8A34-7034094E1D59,https://offers.lendingtree.com/tlm.aspx?tid=h2&vid=0-0-4-1-0-1-0-1-0-1-0-0-1-0-0-0-0-0&loan-type=HOMEEQUITY&icode=18570&SpId=social-he-32699-20&esourceid=6218056&cchannel=social&csource=facebook&cproduct=he&cname=FB_IG_he_020718_LAL1-2_channelpartner_pm_US_Auto_D_D_MNF_RC_28-65_ALL_LP_LT_012418_Facebook_H&k_user_id=4803db45-0837-4162-878c-c96c3bcd296a&cterm=144851350&cmethod=kenshoo#/step/2/,643c3384988ccb732ab791c3fd107f7e,https,offers.lendingtree.com,/tlm.aspx,/step/2/,tid=h2&vid=0-0-4-1-0-1-0-1-0-1-0-0-1-0-0-0-0-0&loan-type=HOMEEQUITY&icode=18570&SpId=social-he-32699-20&esourceid=6218056&cchannel=social&csource=facebook&cproduct=he&cname=FB_IG_he_020718_LAL1-2_channelpartner_pm_US_Auto_D_D_MNF_RC_28-65_ALL_LP_LT_012418_Facebook_H&k_user_id=4803db45-0837-4162-878c-c96c3bcd296a&cterm=144851350&cmethod=kenshoo,mortgage,mortgage_heloc,mortgage_heloc
9EC8B043-16AF-A7B2-2D22-8C7CD242BEAE,DB2059C9-EE0C-7B52-CC0B-C8F816EF0A76,https://homeequitychoice.com/index.php?type=home-equity-loan&utm_source=Adwords&utm_medium=search&utm_campaign=heloc,01e86ca8531ae4785eb6ee39ac038d5d,https,homeequitychoice.com,/index.php,,type=home-equity-loan&utm_source=Adwords&utm_medium=search&utm_campaign=heloc,mortgage,mortgage_heloc,mortgage_heloc
01A44BA1-6C36-B301-DC13-C347C3D4247F,B87EED3A-5F1D-1EA4-B60B-FCC3F180B22D,https://lowermybills.com/lending/home-equity/app/index.loan?trafficQualifierId=14422&sourceId=46255-86692-191246&visitorId=3187468757&verticalVisitorId=4246349477&inquiryId=597403050&leadid_token=,98bf10ecef6a6442a85156b9442bbca9,https,lowermybills.com,/lending/home-equity/app/index.loan,,trafficQualifierId=14422&sourceId=46255-86692-191246&visitorId=3187468757&verticalVisitorId=4246349477&inquiryId=597403050&leadid_token=,mortgage,mortgage_heloc,mortgage_heloc
384A0430-8D9E-313B-7F4A-1DBEAE2D5693,A1812AC6-A306-7D8E-8A34-7034094E1D59,https://offers.lendingtree.com/tla.aspx?tid=h2&loan-type=HOMEEQUITY&vid=0-0-4-0-0-1-0-1&SpId=perf-he-22635-100&cpad=1&esourceid=6258776&cchannel=perf&cproduct=he&csource=1&cmethod=display&cterm=75398422&800num=hide&siteid=22102_721701#/step/1/,1c0d2d57441f8e16eeabb2f6f9cb0add,https,offers.lendingtree.com,/tla.aspx,/step/1/,tid=h2&loan-type=HOMEEQUITY&vid=0-0-4-0-0-1-0-1&SpId=perf-he-22635-100&cpad=1&esourceid=6258776&cchannel=perf&cproduct=he&csource=1&cmethod=display&cterm=75398422&800num=hide&siteid=22102_721701,mortgage,mortgage_heloc,mortgage_heloc
C9D1CA04-4E1E-BEC7-A146-23FCB990DF66,A1812AC6-A306-7D8E-8A34-7034094E1D59,https://offers.lendingtree.com/tlm.aspx?tid=h2&vid=0-0-4-0-0-1-0-1&SpId=content-mortgage-23346-80&loan-type=HOMEEQUITY&esourceid=6240096&cchannel=content&cproduct=mortgage&ccontent=ed5d657d-3e9b-4520-b68b-ba43094cdef3&csource=stringo_primary&ccreative=645a16b1-2de4-4963-b48d-2c70f5d327d8#/step/1/,367634a53204ee2980fac9abfa6d0865,https,offers.lendingtree.com,/tlm.aspx,/step/1/,tid=h2&vid=0-0-4-0-0-1-0-1&SpId=content-mortgage-23346-80&loan-type=HOMEEQUITY&esourceid=6240096&cchannel=content&cproduct=mortgage&ccontent=ed5d657d-3e9b-4520-b68b-ba43094cdef3&csource=stringo_primary&ccreative=645a16b1-2de4-4963-b48d-2c70f5d327d8,mortgage,mortgage_heloc,mortgage_heloc
3A6E53C3-438A-0E03-ED0D-A113552CEF6F,B87EED3A-5F1D-1EA4-B60B-FCC3F180B22D,https://lowermybills.com/lending/home-equity/app/index.loan,ff1e83b8ee6c2dcc0c00c017c845a904,https,lowermybills.com,/lending/home-equity/app/index.loan,,,mortgage,mortgage_heloc,mortgage_heloc
D0475CB8-2C6A-BA50-5350-46CB0E071103,A1812AC6-A306-7D8E-8A34-7034094E1D59,https://offers.lendingtree.com/tlm.aspx?tid=h2&vid=0-0-4-0-0-1-0-1&SpId=CRM-HE-11850-100&promo=00109&ccreative=button&cchannel=crm&ccontent=promo-calculator-he-var1-2&cmethod=promo&cname=calculator&cproduct=he&csource=email&cterm=6e972d39-fc56-4edd-824d-dddfc5d362a3&esourceid=6263906&bsft_eid=4a060ca8-2595-4d62-9a1e-44868a6e25d5&bsft_clkid=92024080-c991-419c-a6cf-49985c709dc2&bsft_uid=f404712f-026b-4973-95f4-5a378c8d4e20&bsft_mid=aff23889-1d19-44b9-bc54-ab6eb2614e1a&ctype=lt#/step/1/,8d16804bd5f2009a91ffc0e2592c446b,https,offers.lendingtree.com,/tlm.aspx,/step/1/,tid=h2&vid=0-0-4-0-0-1-0-1&SpId=CRM-HE-11850-100&promo=00109&ccreative=button&cchannel=crm&ccontent=promo-calculator-he-var1-2&cmethod=promo&cname=calculator&cproduct=he&csource=email&cterm=6e972d39-fc56-4edd-824d-dddfc5d362a3&esourceid=6263906&bsft_eid=4a060ca8-2595-4d62-9a1e-44868a6e25d5&bsft_clkid=92024080-c991-419c-a6cf-49985c709dc2&bsft_uid=f404712f-026b-4973-95f4-5a378c8d4e20&bsft_mid=aff23889-1d19-44b9-bc54-ab6eb2614e1a&ctype=lt,mortgage,mortgage_heloc,mortgage_heloc
F28D5574-5758-8905-F732-AE4BEB4F4502,B87EED3A-5F1D-1EA4-B60B-FCC3F180B22D,https://lowermybills.com/lending/home-equity/app/index.loan,ff1e83b8ee6c2dcc0c00c017c845a904,https,lowermybills.com,/lending/home-equity/app/index.loan,,,mortgage,mortgage_heloc,mortgage_heloc
3684237F-B276-E84F-BC7D-281F9C872B9F,A1812AC6-A306-7D8E-8A34-7034094E1D59,https://offers.lendingtree.com/tla.aspx?tid=h2&loan-type=HOMEEQUITY&vid=0-0-4-1-0-1-0-1&SpId=Display-HE-25062-30&esourceid=6237396&cchannel=display&csource=Google_Display_Network&cmethod=70030484&cname=1891613347236959309&ccreative=LT_060915_HELOC_SideBySide_White_300x250_5_html&cterm=LendingTree___display_campaign&siteid=36959&cproduct=HE&mpt=897590437&mpcs=bypass&mpcr=70030484&mpcrset=root&gclid=COb37Nr5_NYCFQiSfgodk3QBeQ&mpch=ads#/step/2/,f5c748dfa56b667da5eaf0b895b92d71,https,offers.lendingtree.com,/tla.aspx,/step/2/,tid=h2&loan-type=HOMEEQUITY&vid=0-0-4-1-0-1-0-1&SpId=Display-HE-25062-30&esourceid=6237396&cchannel=display&csource=Google_Display_Network&cmethod=70030484&cname=1891613347236959309&ccreative=LT_060915_HELOC_SideBySide_White_300x250_5_html&cterm=LendingTree___display_campaign&siteid=36959&cproduct=HE&mpt=897590437&mpcs=bypass&mpcr=70030484&mpcrset=root&gclid=COb37Nr5_NYCFQiSfgodk3QBeQ&mpch=ads,mortgage,mortgage_heloc,mortgage_heloc
AB82DE1F-C62E-7AFF-8752-AE3F3934677C,A1812AC6-A306-7D8E-8A34-7034094E1D59,https://offers.lendingtree.com/tla.aspx?tid=h2&loan-type=HOMEEQUITY&vid=0-0-4-1-0-1-0-1-0-1-0-0-1&icode=16060&SpId=Display-HE-24105-5&promo=00109&esourceid=6269176&cchannel=display&csource=Google_Display_Network&cmethod=101844450&cname=1891613347236959504&ccreative=LT_071817_HELoans_ChooseAmounts_GreenWhite_300x250_HTML5&cterm=LendingTree___display_campaign&siteid=36959&cproduct=he&mpt=770666251&mpcs=bypass&mpcr=101844450&mpcrset=root&gclid=COb63_rx_NUCFQK5wAodCVkJqA&mpch=ads#/step/2/,037915f50f060b5b877008e30b2b5751,https,offers.lendingtree.com,/tla.aspx,/step/2/,tid=h2&loan-type=HOMEEQUITY&vid=0-0-4-1-0-1-0-1-0-1-0-0-1&icode=16060&SpId=Display-HE-24105-5&promo=00109&esourceid=6269176&cchannel=display&csource=Google_Display_Network&cmethod=101844450&cname=1891613347236959504&ccreative=LT_071817_HELoans_ChooseAmounts_GreenWhite_300x250_HTML5&cterm=LendingTree___display_campaign&siteid=36959&cproduct=he&mpt=770666251&mpcs=bypass&mpcr=101844450&mpcrset=root&gclid=COb63_rx_NUCFQK5wAodCVkJqA&mpch=ads,mortgage,mortgage_heloc,mortgage_heloc
1B29710E-6767-E01B-1EAA-85AD915D9792,B87EED3A-5F1D-1EA4-B60B-FCC3F180B22D,https://lowermybills.com/lending/home-equity/app/index.loan,ff1e83b8ee6c2dcc0c00c017c845a904,https,lowermybills.com,/lending/home-equity/app/index.loan,,,mortgage,mortgage_heloc,mortgage_heloc
054D86C3-8FD4-E753-7DC9-02BC16A9E1A5,B87EED3A-5F1D-1EA4-B60B-FCC3F180B22D,https://lowermybills.com/lending/home-equity/app/index.loan?trafficQualifierId=14422&sourceId=46164-86421-195543&visitorId=3336210234&verticalVisitorId=4296088825&inquiryId=606088198&leadid_token=,2d3f42ef6ce44b1bc2a335a19a0d457b,https,lowermybills.com,/lending/home-equity/app/index.loan,,trafficQualifierId=14422&sourceId=46164-86421-195543&visitorId=3336210234&verticalVisitorId=4296088825&inquiryId=606088198&leadid_token=,mortgage,mortgage_heloc,mortgage_heloc
7C2CE134-ADD2-2F39-75AD-E89CC4D07DB8,A1812AC6-A306-7D8E-8A34-7034094E1D59,https://offers.lendingtree.com/tlm.aspx?tid=h2&vid=0-0-4-0-0-1-0-1&SpId=marketpromo-22511-100&800num=877-567-2501&homeloan-product-type=00402&cpad=1&esourceid=6262816&cchannel=aff&csource=27&cmethod=website&cname=WIW&cproduct=mortgage&cterm=76947388&siteid=HA11~R1UWswPa~g~m&loan-type=HOMEEQUITY#/step/2/,92e6b23426310799c010ebee35f2385a,https,offers.lendingtree.com,/tlm.aspx,/step/2/,tid=h2&vid=0-0-4-0-0-1-0-1&SpId=marketpromo-22511-100&800num=877-567-2501&homeloan-product-type=00402&cpad=1&esourceid=6262816&cchannel=aff&csource=27&cmethod=website&cname=WIW&cproduct=mortgage&cterm=76947388&siteid=HA11~R1UWswPa~g~m&loan-type=HOMEEQUITY,mortgage,mortgage_heloc,mortgage_heloc
0868E937-B617-E3E6-84EE-63AB9434C21F,A1812AC6-A306-7D8E-8A34-7034094E1D59,https://offers.lendingtree.com/tla.aspx?tid=hea&vid=0-0-3&SpId=CRM-HE-11850-100&promo=00109&ccreative=button&cchannel=crm&csource=email&cmethod=promo&cname=calculator&cproduct=he&cterm=d77e5451-ce2d-4222-8842-80935899482a&ccontent=promo-calculator-he-ctl&esourceid=6263906&bsft_eid=a2d64ee4-a213-420f-ad77-38b0bdc939c3&bsft_clkid=320cd8f7-73fb-47eb-b76c-8dc7a17c2ae2&bsft_uid=1b0bc4fa-87e4-4210-bf9a-9aa1264ce642&bsft_mid=5fcd7c83-dc78-47c8-8ad0-608d2e2f8aa6&ctype=mylt#/step/1/,68829a72cb556a32da03753d9381703b,https,offers.lendingtree.com,/tla.aspx,/step/1/,tid=hea&vid=0-0-3&SpId=CRM-HE-11850-100&promo=00109&ccreative=button&cchannel=crm&csource=email&cmethod=promo&cname=calculator&cproduct=he&cterm=d77e5451-ce2d-4222-8842-80935899482a&ccontent=promo-calculator-he-ctl&esourceid=6263906&bsft_eid=a2d64ee4-a213-420f-ad77-38b0bdc939c3&bsft_clkid=320cd8f7-73fb-47eb-b76c-8dc7a17c2ae2&bsft_uid=1b0bc4fa-87e4-4210-bf9a-9aa1264ce642&bsft_mid=5fcd7c83-dc78-47c8-8ad0-608d2e2f8aa6&ctype=mylt,mortgage,mortgage_heloc,mortgage_heloc
F0A1DE4D-6A8D-B8EE-4371-DD243BFDD3E0,DB2059C9-EE0C-7B52-CC0B-C8F816EF0A76,https://homeequitychoice.com/index.php?type=home-equity-loan&utm_source=brokerswebHEC&utm_medium=search&utm_campaign=heloc&utm_medium=X1W77VE2H9,41f817ad71aea789f640d79de6bd097c,https,homeequitychoice.com,/index.php,,type=home-equity-loan&utm_source=brokerswebHEC&utm_medium=search&utm_campaign=heloc&utm_medium=X1W77VE2H9,mortgage,mortgage_heloc,mortgage_heloc
B7CA031C-04A8-390A-D1FB-9C1D38763E36,A1812AC6-A306-7D8E-8A34-7034094E1D59,https://offers.lendingtree.com/tlm.aspx?tid=h2&vid=0-0-4-0-0-1-0-1&SpId=marketpromo-22511-100&800num=hide&homeloan-product-type=00402&cpad=1&esourceid=6262816&cchannel=aff&csource=27&cmethod=website&cname=WIW&cproduct=mortgage&cterm=75564789&siteid=HA11~X2MpZty8~-~-&loan-type=HOMEEQUITY#/step/2/,549c374592a7c04771f1eacdcab4d3aa,https,offers.lendingtree.com,/tlm.aspx,/step/2/,tid=h2&vid=0-0-4-0-0-1-0-1&SpId=marketpromo-22511-100&800num=hide&homeloan-product-type=00402&cpad=1&esourceid=6262816&cchannel=aff&csource=27&cmethod=website&cname=WIW&cproduct=mortgage&cterm=75564789&siteid=HA11~X2MpZty8~-~-&loan-type=HOMEEQUITY,mortgage,mortgage_heloc,mortgage_heloc
E8CE41D0-B9A3-608E-62B2-9DB7F4E51221,B87EED3A-5F1D-1EA4-B60B-FCC3F180B22D,https://lowermybills.com/lending/home-equity/app/index.loan,ff1e83b8ee6c2dcc0c00c017c845a904,https,lowermybills.com,/lending/home-equity/app/index.loan,,,mortgage,mortgage_heloc,mortgage_heloc
27574999-8539-94D9-60A9-EE43E81BFE70,A1812AC6-A306-7D8E-8A34-7034094E1D59,https://offers.lendingtree.com/tlm.aspx?tid=h2&vid=0-2-4-1-0-1-0-1-0-1-0-0-1-0-1-1-2-0-0&loan-type=HOMEEQUITY&icode=20190&SpId=social-he-42272-30&esourceid=6218056&cchannel=social&csource=facebook&cproduct=he&cname=FB_he_031518_LAL2_TopChannelPartners_2017_zipcodes_homevalueup_Auto_D_D_MFEFB_28-65_ALL_LP_LT_061218_Facebook_HE_massiverooms_purple_R_1200x627&k_user_id=d209efc2-871b-4496-a9ae-8434911d48fd&cterm=155502473&cmethod=kenshoo#/step/14/,266cccbb6f485f097332dcc051429b4d,https,offers.lendingtree.com,/tlm.aspx,/step/14/,tid=h2&vid=0-2-4-1-0-1-0-1-0-1-0-0-1-0-1-1-2-0-0&loan-type=HOMEEQUITY&icode=20190&SpId=social-he-42272-30&esourceid=6218056&cchannel=social&csource=facebook&cproduct=he&cname=FB_he_031518_LAL2_TopChannelPartners_2017_zipcodes_homevalueup_Auto_D_D_MFEFB_28-65_ALL_LP_LT_061218_Facebook_HE_massiverooms_purple_R_1200x627&k_user_id=d209efc2-871b-4496-a9ae-8434911d48fd&cterm=155502473&cmethod=kenshoo,mortgage,mortgage_heloc,mortgage_heloc
F60FEA6D-9507-DC8C-D58D-E877116BF29B,B87EED3A-5F1D-1EA4-B60B-FCC3F180B22D,https://lowermybills.com/lending/home-equity/app/index.loan,ff1e83b8ee6c2dcc0c00c017c845a904,https,lowermybills.com,/lending/home-equity/app/index.loan,,,mortgage,mortgage_heloc,mortgage_heloc
6B4BA332-C13B-AFFB-F4F5-F86A5F9A38C8,A1812AC6-A306-7D8E-8A34-7034094E1D59,https://offers.lendingtree.com/tlm.aspx?tid=h2&vid=0-2-4-1-0-1-0-1-0-1-0-0-1-0-1-1-2-0-0&loan-type=HOMEEQUITY&icode=20860&SpId=social-he-40844-10&esourceid=6218056&cchannel=social&csource=facebook&cproduct=he&cname=FAN_FB_IG_he_021318_US_Auto_D_D_MFEFB_28-65_ALL_LP_LT_040618_Facebook_HE_luxery6_1200x627&k_user_id=fe0d215b-dc14-4f3e-b418-5e7e66a82829&cterm=152398843&cmethod=kenshoo#/step/13/,5a1155e5aa0e3926c97905be68b0a8f7,https,offers.lendingtree.com,/tlm.aspx,/step/13/,tid=h2&vid=0-2-4-1-0-1-0-1-0-1-0-0-1-0-1-1-2-0-0&loan-type=HOMEEQUITY&icode=20860&SpId=social-he-40844-10&esourceid=6218056&cchannel=social&csource=facebook&cproduct=he&cname=FAN_FB_IG_he_021318_US_Auto_D_D_MFEFB_28-65_ALL_LP_LT_040618_Facebook_HE_luxery6_1200x627&k_user_id=fe0d215b-dc14-4f3e-b418-5e7e66a82829&cterm=152398843&cmethod=kenshoo,mortgage,mortgage_heloc,mortgage_heloc
AAD7869B-9BE6-1732-4BEB-73AAE84AA318,A1812AC6-A306-7D8E-8A34-7034094E1D59,https://offers.lendingtree.com/tlm.aspx?tid=h2&vid=0-0-4-1-0-1-0-1&SpId=gdn-medium-exchange-35757-10&800num=800-813-4824&loan-type=HOMEEQUITY&r=1&cchannel=null&cproduct=mortgage&esourceid=6250746&csource=google_display_network&siteid=36959&cname=1891613347236959348&cmethod=crv14980&ctype=_rj_7027332022773516089.90&ccreative=LT_011018_CleanLoanSlider_RateHeadline_15Yr_WhiteBg_BlueBtn_BlueSlider_300x250_HTML5&gclid=EAIaIQobChMIppX874b-2QIVmoPICh2rhw3BEAEYASAAEgJLEfD_BwE#/step/12/,500d8e6e504b01f1b53a8411356ce7c8,https,offers.lendingtree.com,/tlm.aspx,/step/12/,tid=h2&vid=0-0-4-1-0-1-0-1&SpId=gdn-medium-exchange-35757-10&800num=800-813-4824&loan-type=HOMEEQUITY&r=1&cchannel=null&cproduct=mortgage&esourceid=6250746&csource=google_display_network&siteid=36959&cname=1891613347236959348&cmethod=crv14980&ctype=_rj_7027332022773516089.90&ccreative=LT_011018_CleanLoanSlider_RateHeadline_15Yr_WhiteBg_BlueBtn_BlueSlider_300x250_HTML5&gclid=EAIaIQobChMIppX874b-2QIVmoPICh2rhw3BEAEYASAAEgJLEfD_BwE,mortgage,mortgage_heloc,mortgage_heloc
7D0FAD79-B30C-5F22-DD37-5D2C5A67B84D,A1812AC6-A306-7D8E-8A34-7034094E1D59,https://offers.lendingtree.com/tlm.aspx?tid=h2&vid=0-0-4-1-0-1-0-1&SpId=gdn-medium-exchange-26076-95&800num=800-813-4824&loan-type=HOMEEQUITY&r=1&esourceid=6278446&cchannel=display&csource=Google_Display_Network&cmethod=101844453&cname=1891613347236959562&ccreative=LT_110315_HELOC_ChooseAmounts_BlueWhite_300x250_HTML5&cterm=LendingTree___display_campaign&siteid=36959&cproduct=he&mpt=46168398&mpcs=bypass&mpcr=101844453&mpcrset=root&desired-loan-amount=50000&gclid=EAIaIQobChMIpJWW5Nbf1wIVS8bACh2g_gcMEAEYASAAEgJ5HfD_BwE&mpch=ads#/step/16/,94845003b99e67724aee98ccfecd1072,https,offers.lendingtree.com,/tlm.aspx,/step/16/,tid=h2&vid=0-0-4-1-0-1-0-1&SpId=gdn-medium-exchange-26076-95&800num=800-813-4824&loan-type=HOMEEQUITY&r=1&esourceid=6278446&cchannel=display&csource=Google_Display_Network&cmethod=101844453&cname=1891613347236959562&ccreative=LT_110315_HELOC_ChooseAmounts_BlueWhite_300x250_HTML5&cterm=LendingTree___display_campaign&siteid=36959&cproduct=he&mpt=46168398&mpcs=bypass&mpcr=101844453&mpcrset=root&desired-loan-amount=50000&gclid=EAIaIQobChMIpJWW5Nbf1wIVS8bACh2g_gcMEAEYASAAEgJ5HfD_BwE&mpch=ads,mortgage,mortgage_heloc,mortgage_heloc
686BD02C-BE77-FC8F-D0DA-0AE475D869B8,A1812AC6-A306-7D8E-8A34-7034094E1D59,https://offers.lendingtree.com/tla.aspx?tid=h2&loan-type=HOMEEQUITY&vid=0-0-4-1-0-1-0-1&SpId=Display-HE-23838-40&esourceid=6241196&cchannel=display&csource=Google_Display_Network&cmethod=70030504&cname=1891613347236959314&ccreative=LT_060915_HELOC_SideBySide_White_728x90_5_html&cterm=LendingTree___display_campaign&siteid=36959&cproduct=he&mpt=1503543133746&mpcs=bypass&mpcr=70030504&mpcrset=root&mpch=ads#/step/2/,c1b91202efcd00233b3b0006320dbfaa,https,offers.lendingtree.com,/tla.aspx,/step/2/,tid=h2&loan-type=HOMEEQUITY&vid=0-0-4-1-0-1-0-1&SpId=Display-HE-23838-40&esourceid=6241196&cchannel=display&csource=Google_Display_Network&cmethod=70030504&cname=1891613347236959314&ccreative=LT_060915_HELOC_SideBySide_White_728x90_5_html&cterm=LendingTree___display_campaign&siteid=36959&cproduct=he&mpt=1503543133746&mpcs=bypass&mpcr=70030504&mpcrset=root&mpch=ads,mortgage,mortgage_heloc,mortgage_heloc
847BDBBB-C819-CC35-1478-6F86EF9F3EE4,A1812AC6-A306-7D8E-8A34-7034094E1D59,https://offers.lendingtree.com/tlm.aspx?tid=h2&vid=0-0-4-1-0-1-0-1&loan-type=HOMEEQUITY&SpId=social-homeequity-24987-90&esourceid=6218056&cchannel=social&csource=facebook&cproduct=he&cname=100217_DMNF_RHC_IG_SEM_180d.Abaonded_bedroom&k_user_id=77388039-98cd-4d8d-b4d6-3d1b56c80b5b&cterm=133770740&cmethod=kenshoo#/step/2/,b564a7e0be4bee5a253d938262410816,https,offers.lendingtree.com,/tlm.aspx,/step/2/,tid=h2&vid=0-0-4-1-0-1-0-1&loan-type=HOMEEQUITY&SpId=social-homeequity-24987-90&esourceid=6218056&cchannel=social&csource=facebook&cproduct=he&cname=100217_DMNF_RHC_IG_SEM_180d.Abaonded_bedroom&k_user_id=77388039-98cd-4d8d-b4d6-3d1b56c80b5b&cterm=133770740&cmethod=kenshoo,mortgage,mortgage_heloc,mortgage_heloc
AE317A81-A0FD-2623-8DC9-B96B988467C8,B87EED3A-5F1D-1EA4-B60B-FCC3F180B22D,https://lowermybills.com/lending/home-equity/app/index.loan?trafficQualifierId=14422&sourceId=medfbklre_1860120847&visitorId=3221864280&verticalVisitorId=4159818759&inquiryId=585981180&leadid_token=,0268d507cbf65efeab57252a7b868e4f,https,lowermybills.com,/lending/home-equity/app/index.loan,,trafficQualifierId=14422&sourceId=medfbklre_1860120847&visitorId=3221864280&verticalVisitorId=4159818759&inquiryId=585981180&leadid_token=,mortgage,mortgage_heloc,mortgage_heloc
F5FDB8F8-5018-E82D-45DB-F3E954457CCA,A1812AC6-A306-7D8E-8A34-7034094E1D59,https://offers.lendingtree.com/tlm.aspx?tid=m2&vid=18-0-4-3-0-0-0-0-1-0-0-0-1-0-0-1-2&promo=00402&800num=800-813-4824&loan-type=HOMEEQUITY&SpId=Display-hybrid-24075-45&esourceid=6272856&cchannel=display&csource=Internet_Brands&cmethod=101844453&cname=189161334722774410&ccreative=LT_110315_HELOC_ChooseAmounts_BlueWhite_300x250_HTML5&cterm=LendingTree___display_campaign&siteid=27744&cproduct=he&mpt=699952084&mpcr=101844453&mpcrset=root&desired-loan-amount=20000&mpch=ads#/step/1/,c6cb62d26cdecdeef8a1efb8cd2daf0f,https,offers.lendingtree.com,/tlm.aspx,/step/1/,tid=m2&vid=18-0-4-3-0-0-0-0-1-0-0-0-1-0-0-1-2&promo=00402&800num=800-813-4824&loan-type=HOMEEQUITY&SpId=Display-hybrid-24075-45&esourceid=6272856&cchannel=display&csource=Internet_Brands&cmethod=101844453&cname=189161334722774410&ccreative=LT_110315_HELOC_ChooseAmounts_BlueWhite_300x250_HTML5&cterm=LendingTree___display_campaign&siteid=27744&cproduct=he&mpt=699952084&mpcr=101844453&mpcrset=root&desired-loan-amount=20000&mpch=ads,mortgage,mortgage_heloc,mortgage_heloc
5DC39F0B-6EE9-05D2-2789-2D6059EB14F2,DB2059C9-EE0C-7B52-CC0B-C8F816EF0A76,https://homeequitychoice.com/index.php?type=home-equity-loan&utm_source=brokersweb&utm_medium=search&utm_campaign=heloc&utm_medium=Y3I86RN9E9,106259f2e7e052b876543969f8276f58,https,homeequitychoice.com,/index.php,,type=home-equity-loan&utm_source=brokersweb&utm_medium=search&utm_campaign=heloc&utm_medium=Y3I86RN9E9,mortgage,mortgage_heloc,mortgage_heloc
C28BC4A2-2C55-98B0-BC93-FDC3FF2B21A2,AAD94983-7D0C-97E7-28F8-E281213A5237,https://mortgageloan.com/forms/2/home-equity?ref=RightSideMLEntranceForm#step=1,2e1f7a686baf12b3c5a1e7fe7fff1586,https,mortgageloan.com,/forms/2/home-equity,step=1,ref=RightSideMLEntranceForm,mortgage,mortgage_heloc,mortgage_heloc
8BEEAE84-53D3-7DDE-7188-196627DB667E,B87EED3A-5F1D-1EA4-B60B-FCC3F180B22D,https://lowermybills.com/lending/home-equity/app/index.loan?trafficQualifierId=1&sourceId=lmb-44847-104087&visitorId=3416470139&verticalVisitorId=4391587404&inquiryId=620550767&leadid_token=,ae94c533edd0aa040d674d835ccc8271,https,lowermybills.com,/lending/home-equity/app/index.loan,,trafficQualifierId=1&sourceId=lmb-44847-104087&visitorId=3416470139&verticalVisitorId=4391587404&inquiryId=620550767&leadid_token=,mortgage,mortgage_heloc,mortgage_heloc
C1F2DF02-99C3-4983-E5CD-13E6F3B78047,B87EED3A-5F1D-1EA4-B60B-FCC3F180B22D,https://lowermybills.com/lending/home-equity/app/index.loan,ff1e83b8ee6c2dcc0c00c017c845a904,https,lowermybills.com,/lending/home-equity/app/index.loan,,,mortgage,mortgage_heloc,mortgage_heloc
AD26D44B-1065-DDC8-1715-E497D5B1BA9F,A1812AC6-A306-7D8E-8A34-7034094E1D59,https://offers.lendingtree.com/tlm.aspx?tid=h2&vid=0-2-5-1-0-1-0-1-0-1-0-0-1-0-1-1-2-0-0&promo=00502&icode=17160&SpId=email-landing-0214-39729-38&loan-type=HOMEEQUITY&ccreative=cta-rates-box-15yr&bsft_eid=1d76316d-b863-4af4-bba7-47d5231813aa&esourceid=6263906&cchannel=crm&cmethod=promo&cname=rates-edu-ctl&cproduct=general&ccontent=promo-rates-edu-ctl&cterm=47a5d678-3d1e-43f5-964b-6dc921391a69&bsft_clkid=ff694f2d-0e1d-4e19-8b72-aa7c11fd705a&bsft_uid=6ed27958-cf20-49f9-a601-d21881c90ea6&bsft_mid=226af14c-83cb-4a86-81f1-3ba58b77765d&csource=226af14c-83cb-4a86-81f1-3ba58b77765d&ctype=lt&cvo_user=9abe8c63-1bfd-4a55-9745-0cff75441140#/step/13/,da72a0749d3fece7f89b3be82ac41297,https,offers.lendingtree.com,/tlm.aspx,/step/13/,tid=h2&vid=0-2-5-1-0-1-0-1-0-1-0-0-1-0-1-1-2-0-0&promo=00502&icode=17160&SpId=email-landing-0214-39729-38&loan-type=HOMEEQUITY&ccreative=cta-rates-box-15yr&bsft_eid=1d76316d-b863-4af4-bba7-47d5231813aa&esourceid=6263906&cchannel=crm&cmethod=promo&cname=rates-edu-ctl&cproduct=general&ccontent=promo-rates-edu-ctl&cterm=47a5d678-3d1e-43f5-964b-6dc921391a69&bsft_clkid=ff694f2d-0e1d-4e19-8b72-aa7c11fd705a&bsft_uid=6ed27958-cf20-49f9-a601-d21881c90ea6&bsft_mid=226af14c-83cb-4a86-81f1-3ba58b77765d&csource=226af14c-83cb-4a86-81f1-3ba58b77765d&ctype=lt&cvo_user=9abe8c63-1bfd-4a55-9745-0cff75441140,mortgage,mortgage_heloc,mortgage_heloc
474D8B80-C588-01A1-36E5-4BDEAD4DA19D,B87EED3A-5F1D-1EA4-B60B-FCC3F180B22D,https://lowermybills.com/lending/home-equity/app/index.loan?trafficQualifierId=1&sourceId=lmb-50445-105354&visitorId=3430765861&verticalVisitorId=4408375302&inquiryId=623183421&leadid_token=,2210771aae6ccf42b7ccd233c39fbeab,https,lowermybills.com,/lending/home-equity/app/index.loan,,trafficQualifierId=1&sourceId=lmb-50445-105354&visitorId=3430765861&verticalVisitorId=4408375302&inquiryId=623183421&leadid_token=,mortgage,mortgage_heloc,mortgage_heloc
1A01F656-39C9-EFF2-B57E-4CEBDDA7D5C1,B87EED3A-5F1D-1EA4-B60B-FCC3F180B22D,https://lowermybills.com/lending/home-equity/app/index.loan?trafficQualifierId=14422&sourceId=lmb-34589-58816-103630&visitorId=3389977151&verticalVisitorId=4360249904&inquiryId=616093824&leadid_token=,11baa9cd65d119cdd695b78e9997a408,https,lowermybills.com,/lending/home-equity/app/index.loan,,trafficQualifierId=14422&sourceId=lmb-34589-58816-103630&visitorId=3389977151&verticalVisitorId=4360249904&inquiryId=616093824&leadid_token=,mortgage,mortgage_heloc,mortgage_heloc
6561BF6A-A08F-9E78-2862-131B89B43D32,A1812AC6-A306-7D8E-8A34-7034094E1D59,https://offers.lendingtree.com/tlm.aspx?tid=h2&vid=0-2-4-1-0-1-0-1-0-1-0-0-1-0-1-1-2-0-0&loan-type=HOMEEQUITY&icode=20160&SpId=social-he-37134-10&esourceid=6218056&cchannel=social&csource=facebook&cproduct=he&cname=FAN_FB_IG_he_030818_US_Auto_D_D_MFEFB_28-65_ALL_LP_LT_031918_Facebook_HE_massiverooms_breezy_1200x627&k_user_id=a9aacdf1-9ea1-46b2-9f6a-03792951233c&cterm=149660271&cmethod=kenshoo#/step/14/,1975d3c7628631963ac1a7b1366019c4,https,offers.lendingtree.com,/tlm.aspx,/step/14/,tid=h2&vid=0-2-4-1-0-1-0-1-0-1-0-0-1-0-1-1-2-0-0&loan-type=HOMEEQUITY&icode=20160&SpId=social-he-37134-10&esourceid=6218056&cchannel=social&csource=facebook&cproduct=he&cname=FAN_FB_IG_he_030818_US_Auto_D_D_MFEFB_28-65_ALL_LP_LT_031918_Facebook_HE_massiverooms_breezy_1200x627&k_user_id=a9aacdf1-9ea1-46b2-9f6a-03792951233c&cterm=149660271&cmethod=kenshoo,mortgage,mortgage_heloc,mortgage_heloc
73A669F2-E295-186F-4B0B-54635C180A8A,A1812AC6-A306-7D8E-8A34-7034094E1D59,https://offers.lendingtree.com/tlm.aspx?tid=h2&vid=0-0-4-0-0-1-0-1&SpId=Display-hybrid-24016-10&800num=800-813-4824&loan-type=HOMEEQUITY&cchannel=display&cproduct=mortgage&esourceid=6257396&csource=aol&siteid=40814&cname=6257396&cmethod=crv12021&ctype=_rj_3149036511511177894.25#/step/2/,fe33510e3e775281c5461957710b12bf,https,offers.lendingtree.com,/tlm.aspx,/step/2/,tid=h2&vid=0-0-4-0-0-1-0-1&SpId=Display-hybrid-24016-10&800num=800-813-4824&loan-type=HOMEEQUITY&cchannel=display&cproduct=mortgage&esourceid=6257396&csource=aol&siteid=40814&cname=6257396&cmethod=crv12021&ctype=_rj_3149036511511177894.25,mortgage,mortgage_heloc,mortgage_heloc
02099239-363A-DB71-82AE-2E964BAEA3E2,B87EED3A-5F1D-1EA4-B60B-FCC3F180B22D,https://lowermybills.com/lending/home-equity/app/index.loan,ff1e83b8ee6c2dcc0c00c017c845a904,https,lowermybills.com,/lending/home-equity/app/index.loan,,,mortgage,mortgage_heloc,mortgage_heloc
0D7DC21F-E581-FEC3-CBD9-3DEB2C9E6594,A1812AC6-A306-7D8E-8A34-7034094E1D59,https://offers.lendingtree.com/tlm.aspx?tid=h2&vid=0-0-4-1-0-1-0-1&SpId=Display-hybrid-34172-2&800num=800-813-4824&loan-type=HOMEEQUITY&mpid=80000&cchannel=display&cproduct=mortgage&esourceid=6267976&csource=weather&siteid=2162&cname=18916133472216223&cmethod=crv15163&ctype=_rj_7480042217242544085.79&ccreative=LT_020317_CleanLoanSlider_RateHeadline_15Yr_WhiteBlue_ZipCode_300x600#/step/11/,04c7cc574ea5e1ce348907950263ab96,https,offers.lendingtree.com,/tlm.aspx,/step/11/,tid=h2&vid=0-0-4-1-0-1-0-1&SpId=Display-hybrid-34172-2&800num=800-813-4824&loan-type=HOMEEQUITY&mpid=80000&cchannel=display&cproduct=mortgage&esourceid=6267976&csource=weather&siteid=2162&cname=18916133472216223&cmethod=crv15163&ctype=_rj_7480042217242544085.79&ccreative=LT_020317_CleanLoanSlider_RateHeadline_15Yr_WhiteBlue_ZipCode_300x600,mortgage,mortgage_heloc,mortgage_heloc
1A727170-41CC-B2DF-6A11-7EA64BA764E5,75EC53DD-D6DD-E642-8A76-4A6D126EAA44,https://offers.staging.lendingtree.com/mc.aspx?tid=mc-home-equity&esourceid=14349#/step/1/,6a41151dd4194252b0129e421e3f6c5b,https,offers.staging.lendingtree.com,/mc.aspx,/step/1/,tid=mc-home-equity&esourceid=14349,mortgage,mortgage_heloc,mortgage_heloc
E48F1936-EB9E-8DF8-C10E-1DCAA0F829FE,A1812AC6-A306-7D8E-8A34-7034094E1D59,https://offers.lendingtree.com/tlm.aspx?tid=h2&vid=0-0-4-1-0-1-0-1&SpId=Display-hybrid-34563-41&800num=800-813-4824&loan-type=HOMEEQUITY&cchannel=display&cproduct=mortgage&esourceid=6308226&csource=weather&siteid=2162&cname=18916133472216237&cmethod=crv13633&ctype=_rj_2802302709051434342.90&ccreative=LT_020317_CleanLoanSlider_RateHeadline_15Yr_GreyBlue_ZipCode_300x600#/step/11/,661c5865c3c2df7d8473e37b8ce931a6,https,offers.lendingtree.com,/tlm.aspx,/step/11/,tid=h2&vid=0-0-4-1-0-1-0-1&SpId=Display-hybrid-34563-41&800num=800-813-4824&loan-type=HOMEEQUITY&cchannel=display&cproduct=mortgage&esourceid=6308226&csource=weather&siteid=2162&cname=18916133472216237&cmethod=crv13633&ctype=_rj_2802302709051434342.90&ccreative=LT_020317_CleanLoanSlider_RateHeadline_15Yr_GreyBlue_ZipCode_300x600,mortgage,mortgage_heloc,mortgage_heloc
6F0B7461-4749-5437-0C07-F3E8198A87C7,A1812AC6-A306-7D8E-8A34-7034094E1D59,https://offers.lendingtree.com/tlm.aspx?tid=h2&vid=0-0-4-1-0-1-0-1-0-1-0-0-1-0-0-0-0-0&loan-type=HOMEEQUITY&icode=17160&SpId=social-homeequity-28270-55&esourceid=6218056&cchannel=social&csource=facebook&cproduct=he&cname=FB_IG_he_110117_HE_2010-2016_ExGd_0.8_Loan.not.closed_US_Auto_D_D_MNF_RC_18-65_ALL_LP_LT_103017_Facebook_H&k_user_id=df61997e-5817-46a8-b415-73ce44babb7f&cterm=137218274&cmethod=kenshoo#/step/16/,4b67ab26bda885b7c8b9be6200cf0a82,https,offers.lendingtree.com,/tlm.aspx,/step/16/,tid=h2&vid=0-0-4-1-0-1-0-1-0-1-0-0-1-0-0-0-0-0&loan-type=HOMEEQUITY&icode=17160&SpId=social-homeequity-28270-55&esourceid=6218056&cchannel=social&csource=facebook&cproduct=he&cname=FB_IG_he_110117_HE_2010-2016_ExGd_0.8_Loan.not.closed_US_Auto_D_D_MNF_RC_18-65_ALL_LP_LT_103017_Facebook_H&k_user_id=df61997e-5817-46a8-b415-73ce44babb7f&cterm=137218274&cmethod=kenshoo,mortgage,mortgage_heloc,mortgage_heloc
19C68BF5-7E67-1087-EC29-B99DD2FE4BC6,A1812AC6-A306-7D8E-8A34-7034094E1D59,https://offers.lendingtree.com/tlm.aspx?tid=h2&vid=0-0-4-1-0-1-0-1&SpId=Display-hybrid-25763-5&loan-type=HOMEEQUITY&cchannel=display&cproduct=mortgage&esourceid=6195256&csource=cnn_com&siteid=2007&cname=18916133472200740&cmethod=crv13117&ctype=_rj_1372225065215318986.90&ccreative=LT_110416_CleanLoanSlider_RateHeadline_15Yr_WhiteBg_RedBtn_RedSlider_300x250_HTML5#/step/2/,c4ccf75a998711bbad26e4e0007596f0,https,offers.lendingtree.com,/tlm.aspx,/step/2/,tid=h2&vid=0-0-4-1-0-1-0-1&SpId=Display-hybrid-25763-5&loan-type=HOMEEQUITY&cchannel=display&cproduct=mortgage&esourceid=6195256&csource=cnn_com&siteid=2007&cname=18916133472200740&cmethod=crv13117&ctype=_rj_1372225065215318986.90&ccreative=LT_110416_CleanLoanSlider_RateHeadline_15Yr_WhiteBg_RedBtn_RedSlider_300x250_HTML5,mortgage,mortgage_heloc,mortgage_heloc
69338936-2498-7324-A1BE-0FAEF54BF505,B87EED3A-5F1D-1EA4-B60B-FCC3F180B22D,https://lowermybills.com/lending/home-equity/app/index.loan?trafficQualifierId=1&sourceId=lmb-49749-106081&visitorId=3424185244&verticalVisitorId=4400519952&inquiryId=621920799&leadid_token=,c4c04fefaa6c613c81ce7c95205102cc,https,lowermybills.com,/lending/home-equity/app/index.loan,,trafficQualifierId=1&sourceId=lmb-49749-106081&visitorId=3424185244&verticalVisitorId=4400519952&inquiryId=621920799&leadid_token=,mortgage,mortgage_heloc,mortgage_heloc
729860E0-55AD-37A0-DFE6-42E096609B9A,B87EED3A-5F1D-1EA4-B60B-FCC3F180B22D,https://lowermybills.com/lending/home-equity/app/index.loan,ff1e83b8ee6c2dcc0c00c017c845a904,https,lowermybills.com,/lending/home-equity/app/index.loan,,,mortgage,mortgage_heloc,mortgage_heloc
5078CBE9-8E5E-9618-E4D9-EA4902D2122E,A1812AC6-A306-7D8E-8A34-7034094E1D59,https://offers.lendingtree.com/tlm.aspx?tid=h2&vid=0-0-4-1-0-1-0-1&loan-type=HOMEEQUITY&icode=17690&SpId=social-homeequity-28275-10&esourceid=6218056&cchannel=social&csource=facebook&cproduct=he&cname=FB_IG_he_101317_social-august1-he-predictive-V2-91-100_US_Auto_D_D_MNF_RC_18-65_ALL_LP_LT_121417_Facebook_H&k_user_id=36777ab7-a2e7-4e00-a864-5fbd8bed00b6&cterm=141617117&cmethod=kenshoo#/step/15/,ff731a8cedac630a1f3087c8581e6809,https,offers.lendingtree.com,/tlm.aspx,/step/15/,tid=h2&vid=0-0-4-1-0-1-0-1&loan-type=HOMEEQUITY&icode=17690&SpId=social-homeequity-28275-10&esourceid=6218056&cchannel=social&csource=facebook&cproduct=he&cname=FB_IG_he_101317_social-august1-he-predictive-V2-91-100_US_Auto_D_D_MNF_RC_18-65_ALL_LP_LT_121417_Facebook_H&k_user_id=36777ab7-a2e7-4e00-a864-5fbd8bed00b6&cterm=141617117&cmethod=kenshoo,mortgage,mortgage_heloc,mortgage_heloc
458FF254-9C8D-85E9-8B19-9E29FAAE07CE,A1812AC6-A306-7D8E-8A34-7034094E1D59,https://offers.lendingtree.com/tla.aspx?tid=h2&loan-type=HOMEEQUITY&vid=0-0-4-1-0-1-0-1&icode=19440&SpId=perf-he-37094-10&cpad=1&esourceid=6258776&cchannel=perf&cproduct=he&csource=1&cmethod=display&cterm=109931823&800num=hide&siteid=22102_892429&ccreative=74275807&ctype=a2a2641f23f1eb561be40dca4b3eea67#/step/11/,360711bdfa4699608644f706675684ad,https,offers.lendingtree.com,/tla.aspx,/step/11/,tid=h2&loan-type=HOMEEQUITY&vid=0-0-4-1-0-1-0-1&icode=19440&SpId=perf-he-37094-10&cpad=1&esourceid=6258776&cchannel=perf&cproduct=he&csource=1&cmethod=display&cterm=109931823&800num=hide&siteid=22102_892429&ccreative=74275807&ctype=a2a2641f23f1eb561be40dca4b3eea67,mortgage,mortgage_heloc,mortgage_heloc
2F752C94-270B-06D1-5F30-C89C5E2275EC,B87EED3A-5F1D-1EA4-B60B-FCC3F180B22D,https://lowermybills.com/lending/home-equity/app/index.loan,ff1e83b8ee6c2dcc0c00c017c845a904,https,lowermybills.com,/lending/home-equity/app/index.loan,,,mortgage,mortgage_heloc,mortgage_heloc
012CFB59-6743-562D-7BE6-2C9FAE9CC4B5,A1812AC6-A306-7D8E-8A34-7034094E1D59,https://offers.lendingtree.com/tlm.aspx?tid=h2&vid=0-2-5-1-0-1-0-1-0-1-0-0-1-0-1-1-2-0-0&promo=00109&icode=17160&SpId=CRM-HE-37118-10&ccreative=cta-rates-box-heloc&bsft_eid=da287cb2-c8c7-4a1e-adf3-d7bf42ec2b20&esourceid=6263906&cchannel=crm&cmethod=promo&cname=rates-edu-ctl&cproduct=general&ccontent=promo-rates-edu-ctl&cterm=16c84fb4-3fb9-4122-957d-84799b3c07c6&bsft_clkid=66baf6cf-8778-46b6-afce-375fb2d90ce3&bsft_uid=9a915dcb-35f9-44a4-8354-f277170c0d2f&bsft_mid=5d440749-2568-4012-ad4e-31d0cbbef00a&csource=5d440749-2568-4012-ad4e-31d0cbbef00a&ctype=mylt&cvo_user=ddfe8f7b-2957-441a-97bd-3eb64c03cf0c#/step/14/,c859c8eb30cfdd8cf9e764302221aa30,https,offers.lendingtree.com,/tlm.aspx,/step/14/,tid=h2&vid=0-2-5-1-0-1-0-1-0-1-0-0-1-0-1-1-2-0-0&promo=00109&icode=17160&SpId=CRM-HE-37118-10&ccreative=cta-rates-box-heloc&bsft_eid=da287cb2-c8c7-4a1e-adf3-d7bf42ec2b20&esourceid=6263906&cchannel=crm&cmethod=promo&cname=rates-edu-ctl&cproduct=general&ccontent=promo-rates-edu-ctl&cterm=16c84fb4-3fb9-4122-957d-84799b3c07c6&bsft_clkid=66baf6cf-8778-46b6-afce-375fb2d90ce3&bsft_uid=9a915dcb-35f9-44a4-8354-f277170c0d2f&bsft_mid=5d440749-2568-4012-ad4e-31d0cbbef00a&csource=5d440749-2568-4012-ad4e-31d0cbbef00a&ctype=mylt&cvo_user=ddfe8f7b-2957-441a-97bd-3eb64c03cf0c,mortgage,mortgage_heloc,mortgage_heloc
46037499-C246-2B4C-B6B6-90C037DD38AE,B87EED3A-5F1D-1EA4-B60B-FCC3F180B22D,https://lowermybills.com/lending/home-equity/app/index.loan,ff1e83b8ee6c2dcc0c00c017c845a904,https,lowermybills.com,/lending/home-equity/app/index.loan,,,mortgage,mortgage_heloc,mortgage_heloc
5F389B86-3304-F45B-D349-6726A8E68712,A1812AC6-A306-7D8E-8A34-7034094E1D59,https://offers.lendingtree.com/tla.aspx?tid=h2&vid=0-0-5-0-0-1-0-1-0-0&loan-type=HOMEEQUITY&icode=14650&SpId=wp-home-equity-23817-20&property-type=SINGLEFAMDET&esourceid=6093676&cchannel=sem&csource=google&cterm=c&cname=699286230&cmethod=9016358&ccontent=kwd-153359562258&ppckw=+lending++tree++home++equity_b&adid=171128123172&mid=sCFtMx3rI_mtid_6990ayz24144_pcrid_171128123172_pkw_+lending++tree++home++equity_pmt_b_pdv_c&800num=800-460-8109&cspage=/lp/home-equity-loan-2.html&cepage=/lp/home-equity-loan-2.html&cproduct=brand&ccreative=sl_home_equity_loans&ctype=g&gclid=CP2f6tSkz9UCFdK4wAodhnMIDA#/step/1/,1843412ed91804cea74c8910897faf0b,https,offers.lendingtree.com,/tla.aspx,/step/1/,tid=h2&vid=0-0-5-0-0-1-0-1-0-0&loan-type=HOMEEQUITY&icode=14650&SpId=wp-home-equity-23817-20&property-type=SINGLEFAMDET&esourceid=6093676&cchannel=sem&csource=google&cterm=c&cname=699286230&cmethod=9016358&ccontent=kwd-153359562258&ppckw=+lending++tree++home++equity_b&adid=171128123172&mid=sCFtMx3rI_mtid_6990ayz24144_pcrid_171128123172_pkw_+lending++tree++home++equity_pmt_b_pdv_c&800num=800-460-8109&cspage=/lp/home-equity-loan-2.html&cepage=/lp/home-equity-loan-2.html&cproduct=brand&ccreative=sl_home_equity_loans&ctype=g&gclid=CP2f6tSkz9UCFdK4wAodhnMIDA,mortgage,mortgage_heloc,mortgage_heloc
13B1AAE1-4C38-BE43-750C-DBD618866AAB,B87EED3A-5F1D-1EA4-B60B-FCC3F180B22D,https://lowermybills.com/lending/home-equity/app/index.loan,ff1e83b8ee6c2dcc0c00c017c845a904,https,lowermybills.com,/lending/home-equity/app/index.loan,,,mortgage,mortgage_heloc,mortgage_heloc
8B47E46F-F4FB-FEEF-3B6E-DAA8C8F628A7,A1812AC6-A306-7D8E-8A34-7034094E1D59,https://offers.lendingtree.com/tla.aspx?tid=h2&loan-type=HOMEEQUITY&vid=0-0-4-0-0-1-0-1&SpId=perf-he-22635-100&cpad=1&esourceid=6258776&cchannel=perf&cproduct=he&csource=1&cmethod=display&cterm=72973850&800num=hide&siteid=41911#/step/2/,3df78647963f040ea1ab691e4e11aab5,https,offers.lendingtree.com,/tla.aspx,/step/2/,tid=h2&loan-type=HOMEEQUITY&vid=0-0-4-0-0-1-0-1&SpId=perf-he-22635-100&cpad=1&esourceid=6258776&cchannel=perf&cproduct=he&csource=1&cmethod=display&cterm=72973850&800num=hide&siteid=41911,mortgage,mortgage_heloc,mortgage_heloc
FD1D2CE7-EF5C-38F5-08BB-4CF17B577958,A1812AC6-A306-7D8E-8A34-7034094E1D59,https://offers.lendingtree.com/tla.aspx?tid=hea&vid=0-0-3-0-0-0-1-1&promo=00502&icode=16000&SpId=LFHomeEquity-23977-5&loan-type=homeequity&property-type=SINGLEFAMDET&esourceid=6234816&cchannel=sem&csource=google&cterm=c&cname=699771064&cmethod=9005086&ccontent=kwd-21036742862&ppckw=+second +mortgages_b&adid=209497077288&mid=sddhTSIDc_mtid_6990ayz24144_pcrid_209497077288_pkw_+second +mortgages_pmt_b_pdv_c&800num=888-972-8573&cproduct=he&ctype=g&gclid=CjwKEAjwlf_MBRDU7f7nlqqcz0ESJAA_Bo_AT0sEX7KQwvImGQNymRqFB4X686EcWkg8_-J_h3cFGRoCejzw_wcB&cepage=/lp/home-equity-loan-2.html&cspage=/lp/home-equity-loan-2.html#/step/1/,acfad6acf20ff0d19373aef1ba07c7f9,https,offers.lendingtree.com,/tla.aspx,/step/1/,tid=hea&vid=0-0-3-0-0-0-1-1&promo=00502&icode=16000&SpId=LFHomeEquity-23977-5&loan-type=homeequity&property-type=SINGLEFAMDET&esourceid=6234816&cchannel=sem&csource=google&cterm=c&cname=699771064&cmethod=9005086&ccontent=kwd-21036742862&ppckw=+second +mortgages_b&adid=209497077288&mid=sddhTSIDc_mtid_6990ayz24144_pcrid_209497077288_pkw_+second +mortgages_pmt_b_pdv_c&800num=888-972-8573&cproduct=he&ctype=g&gclid=CjwKEAjwlf_MBRDU7f7nlqqcz0ESJAA_Bo_AT0sEX7KQwvImGQNymRqFB4X686EcWkg8_-J_h3cFGRoCejzw_wcB&cepage=/lp/home-equity-loan-2.html&cspage=/lp/home-equity-loan-2.html,mortgage,mortgage_heloc,mortgage_heloc
6E057F31-FBDC-4737-2CD2-2F0DF1F18FB1,AAD94983-7D0C-97E7-28F8-E281213A5237,https://mortgageloan.com/forms/2/home-equity#step=5,13f2d25d6bfb66f2afa9b4ae4b9d8d22,https,mortgageloan.com,/forms/2/home-equity,step=5,,mortgage,mortgage_heloc,mortgage_heloc
BF859E67-43DE-876A-F216-B7EF4BEF4BC5,A1812AC6-A306-7D8E-8A34-7034094E1D59,https://offers.lendingtree.com/tlm.aspx?tid=h2&vid=0-0-4-1-0-1-0-1&SpId=gdn-medium-exchange-35763-6&800num=800-813-4824&loan-type=HOMEEQUITY&r=1&cchannel=null&cproduct=mortgage&esourceid=6242766&csource=google_display_network&siteid=36959&cname=1891613347236959328&cmethod=crv13117&ctype=_rj_8813453436645575539.57&ccreative=LT_110416_CleanLoanSlider_RateHeadline_15Yr_WhiteBg_RedBtn_RedSlider_300x250_HTML5&mpid=null&fq=1&gclid=EAIaIQobChMIpu2I1fiC2gIVB5jICh1fuwvFEAEYASAAEgIm_vD_BwE#/step/12/,62369df78825d00f464e406aaa403dbf,https,offers.lendingtree.com,/tlm.aspx,/step/12/,tid=h2&vid=0-0-4-1-0-1-0-1&SpId=gdn-medium-exchange-35763-6&800num=800-813-4824&loan-type=HOMEEQUITY&r=1&cchannel=null&cproduct=mortgage&esourceid=6242766&csource=google_display_network&siteid=36959&cname=1891613347236959328&cmethod=crv13117&ctype=_rj_8813453436645575539.57&ccreative=LT_110416_CleanLoanSlider_RateHeadline_15Yr_WhiteBg_RedBtn_RedSlider_300x250_HTML5&mpid=null&fq=1&gclid=EAIaIQobChMIpu2I1fiC2gIVB5jICh1fuwvFEAEYASAAEgIm_vD_BwE,mortgage,mortgage_heloc,mortgage_heloc
BCB97237-F4C1-D359-267D-32426247C988,A1812AC6-A306-7D8E-8A34-7034094E1D59,https://offers.lendingtree.com/tlm.aspx?tid=h2&vid=0-2-4-1-0-1-0-1-0-1-0-0-0-0-1-1-0&loan-type=HOMEEQUITY&icode=17700&SpId=social-homeequity-26652-5&esourceid=6218056&cchannel=social&csource=facebook&cproduct=he&cname=FB_IG_he_101717_Top25_HE.Page_TimeSpent_US_Auto_D_D_MNF_RC_18-65_ALL_LP_LT_111517_Facebook_H&k_user_id=5ce857c4-19ba-4e53-9e39-69a313810e02&cterm=139298109&cmethod=kenshoo#/step/15/,ae317407c58f05b2644e8668b3310d41,https,offers.lendingtree.com,/tlm.aspx,/step/15/,tid=h2&vid=0-2-4-1-0-1-0-1-0-1-0-0-0-0-1-1-0&loan-type=HOMEEQUITY&icode=17700&SpId=social-homeequity-26652-5&esourceid=6218056&cchannel=social&csource=facebook&cproduct=he&cname=FB_IG_he_101717_Top25_HE.Page_TimeSpent_US_Auto_D_D_MNF_RC_18-65_ALL_LP_LT_111517_Facebook_H&k_user_id=5ce857c4-19ba-4e53-9e39-69a313810e02&cterm=139298109&cmethod=kenshoo,mortgage,mortgage_heloc,mortgage_heloc
E4C7CC65-041B-5426-6879-C16E5E973812,B87EED3A-5F1D-1EA4-B60B-FCC3F180B22D,https://lowermybills.com/lending/home-equity/app/index.loan,ff1e83b8ee6c2dcc0c00c017c845a904,https,lowermybills.com,/lending/home-equity/app/index.loan,,,mortgage,mortgage_heloc,mortgage_heloc
9C7AD3A6-FA46-DD85-D9FB-1C014416CAE6,A1812AC6-A306-7D8E-8A34-7034094E1D59,https://offers.lendingtree.com/tlm.aspx?tid=h2&vid=0-0-4-0-0-1-0-1&SpId=content-mortgage-22601-80&loan-type=HOMEEQUITY&cchannel=content&csource=taboola&esourceid=6244496&cproduct=mortgage&ccontent=931763f1-a261-4bf6-808e-fa21b0d4e4c9&ccreative=98f70a66-b86b-4e53-af32-898e6127d71e&cterm=readersdigest-tasteofhome&cname=h20&cepage=/info/best-mortgage-program-to-end#/step/2/,10fb3e4b343d11109e9551160d687b56,https,offers.lendingtree.com,/tlm.aspx,/step/2/,tid=h2&vid=0-0-4-0-0-1-0-1&SpId=content-mortgage-22601-80&loan-type=HOMEEQUITY&cchannel=content&csource=taboola&esourceid=6244496&cproduct=mortgage&ccontent=931763f1-a261-4bf6-808e-fa21b0d4e4c9&ccreative=98f70a66-b86b-4e53-af32-898e6127d71e&cterm=readersdigest-tasteofhome&cname=h20&cepage=/info/best-mortgage-program-to-end,mortgage,mortgage_heloc,mortgage_heloc
2B55B8F9-2F03-953F-70C3-FCAEC9397973,A1812AC6-A306-7D8E-8A34-7034094E1D59,https://offers.lendingtree.com/tla.aspx?tid=h2&loan-type=HOMEEQUITY&vid=0-0-4-1-0-1-0-1&SpId=perf-he-23810-90&cpad=1&esourceid=6258776&cchannel=perf&cproduct=he&csource=1&cmethod=display&cterm=81115958&800num=hide&siteid=41881_722331#/step/2/,5ae2f6268803357ddeaf90dee2f9bccf,https,offers.lendingtree.com,/tla.aspx,/step/2/,tid=h2&loan-type=HOMEEQUITY&vid=0-0-4-1-0-1-0-1&SpId=perf-he-23810-90&cpad=1&esourceid=6258776&cchannel=perf&cproduct=he&csource=1&cmethod=display&cterm=81115958&800num=hide&siteid=41881_722331,mortgage,mortgage_heloc,mortgage_heloc
5E4A3E18-5BB1-B105-5CE6-590BA4BD561B,B87EED3A-5F1D-1EA4-B60B-FCC3F180B22D,https://lowermybills.com/lending/home-equity/app/index.loan,ff1e83b8ee6c2dcc0c00c017c845a904,https,lowermybills.com,/lending/home-equity/app/index.loan,,,mortgage,mortgage_heloc,mortgage_heloc
C78C0A8A-AF5C-D623-0F21-3947AFFB9F32,A1812AC6-A306-7D8E-8A34-7034094E1D59,https://offers.lendingtree.com/tla.aspx?tid=h2&loan-type=HOMEEQUITY&vid=0-0-4-1-0-1-0-1&SpId=perf-he-23810-90&cpad=1&esourceid=6258776&cchannel=perf&cproduct=he&csource=1&cmethod=display&cterm=83481083&800num=hide&siteid=41911_885159#/step/2/,a443c70eb110989f853fb6bfc1759cca,https,offers.lendingtree.com,/tla.aspx,/step/2/,tid=h2&loan-type=HOMEEQUITY&vid=0-0-4-1-0-1-0-1&SpId=perf-he-23810-90&cpad=1&esourceid=6258776&cchannel=perf&cproduct=he&csource=1&cmethod=display&cterm=83481083&800num=hide&siteid=41911_885159,mortgage,mortgage_heloc,mortgage_heloc
BDE6BBD5-B908-396B-A1C8-C450184ABE27,A1812AC6-A306-7D8E-8A34-7034094E1D59,https://offers.lendingtree.com/tlm.aspx?tid=h2&vid=0-2-4-1-0-1-0-1-0-1-0-0-1-0-1-1-2-0-0&loan-type=HOMEEQUITY&icode=17160&SpId=social-he-34236-45&esourceid=6218056&cchannel=social&csource=facebook&cproduct=he&cname=FB_IG_he_021918_US_Auto_D_D_MNF_28-65_ALL_LP_LT_012418_Facebook_H&k_user_id=70eb7047-abca-438b-8d89-93613de477ef&cterm=145583560&cmethod=kenshoo#/step/13/,2eebcbf8ab44347828785a0c7dddf5db,https,offers.lendingtree.com,/tlm.aspx,/step/13/,tid=h2&vid=0-2-4-1-0-1-0-1-0-1-0-0-1-0-1-1-2-0-0&loan-type=HOMEEQUITY&icode=17160&SpId=social-he-34236-45&esourceid=6218056&cchannel=social&csource=facebook&cproduct=he&cname=FB_IG_he_021918_US_Auto_D_D_MNF_28-65_ALL_LP_LT_012418_Facebook_H&k_user_id=70eb7047-abca-438b-8d89-93613de477ef&cterm=145583560&cmethod=kenshoo,mortgage,mortgage_heloc,mortgage_heloc
F558D7DD-C4CE-06D4-2CE8-EF4E0B4BCAE5,B87EED3A-5F1D-1EA4-B60B-FCC3F180B22D,https://lowermybills.com/lending/home-equity/app/index.loan,ff1e83b8ee6c2dcc0c00c017c845a904,https,lowermybills.com,/lending/home-equity/app/index.loan,,,mortgage,mortgage_heloc,mortgage_heloc
4CF02700-7CB2-5109-ABF7-61E62020F2EC,A1812AC6-A306-7D8E-8A34-7034094E1D59,https://offers.lendingtree.com/tlm.aspx?tid=h2&vid=0-0-4-1-0-1-0-1&SpId=Display-hybrid-25038-10&800num=800-813-4824&loan-type=HOMEEQUITY&esourceid=6267976&cchannel=display&csource=Weather_com&cmethod=101238908&cname=18916133472216223&ccreative=LT_110416_CleanLoanSlider_RateHeadline_15Yr_WhiteBg_BlueBtn_300x600_5_html&cterm=LendingTree___display_campaign&siteid=2162&cproduct=mortgage&mpt=1357685030&mpcr=101238908&mpcrset=root&estproperty-value=52000&purchase-price=52000&mpch=ads#/step/1/,6a83fd13203ab3f483f24e541733ea73,https,offers.lendingtree.com,/tlm.aspx,/step/1/,tid=h2&vid=0-0-4-1-0-1-0-1&SpId=Display-hybrid-25038-10&800num=800-813-4824&loan-type=HOMEEQUITY&esourceid=6267976&cchannel=display&csource=Weather_com&cmethod=101238908&cname=18916133472216223&ccreative=LT_110416_CleanLoanSlider_RateHeadline_15Yr_WhiteBg_BlueBtn_300x600_5_html&cterm=LendingTree___display_campaign&siteid=2162&cproduct=mortgage&mpt=1357685030&mpcr=101238908&mpcrset=root&estproperty-value=52000&purchase-price=52000&mpch=ads,mortgage,mortgage_heloc,mortgage_heloc
ACED86CA-8B7A-408B-6718-4580BF60759C,B87EED3A-5F1D-1EA4-B60B-FCC3F180B22D,https://lowermybills.com/lending/home-equity/app/index.loan?trafficQualifierId=14422&sourceId=46255-102135-205740&visitorId=3418916475&verticalVisitorId=4394426498&inquiryId=620973879&leadid_token=,2f9dc7169dace92bc42c7c225586c091,https,lowermybills.com,/lending/home-equity/app/index.loan,,trafficQualifierId=14422&sourceId=46255-102135-205740&visitorId=3418916475&verticalVisitorId=4394426498&inquiryId=620973879&leadid_token=,mortgage,mortgage_heloc,mortgage_heloc
64FD31CB-BAC5-818B-4160-F2CD6DA73894,B87EED3A-5F1D-1EA4-B60B-FCC3F180B22D,https://lowermybills.com/lending/home-equity/app/index.loan?trafficQualifierId=15623&sourceId=lmb-42645-86384&visitorId=3216414448&verticalVisitorId=4153419027&inquiryId=584792996&leadid_token=64FD31CB-BAC5-818B-4160-F2CD6DA73894,a7a33a7b43a213ea80086c290d79c6d6,https,lowermybills.com,/lending/home-equity/app/index.loan,,trafficQualifierId=15623&sourceId=lmb-42645-86384&visitorId=3216414448&verticalVisitorId=4153419027&inquiryId=584792996&leadid_token=64FD31CB-BAC5-818B-4160-F2CD6DA73894,mortgage,mortgage_heloc,mortgage_heloc
06B29D2C-D355-55D2-587E-AB9F248A3782,B87EED3A-5F1D-1EA4-B60B-FCC3F180B22D,https://lowermybills.com/lending/home-equity/app/index.loan,ff1e83b8ee6c2dcc0c00c017c845a904,https,lowermybills.com,/lending/home-equity/app/index.loan,,,mortgage,mortgage_heloc,mortgage_heloc
B8E5F309-D0C1-C4E7-0A8E-CF5BBE36799E,B87EED3A-5F1D-1EA4-B60B-FCC3F180B22D,https://lowermybills.com/lending/home-equity/app/index.loan?trafficQualifierId=1&sourceId=lmb-49854-103375-200788&visitorId=3403996627&verticalVisitorId=4376835655&inquiryId=618373464&leadid_token=,4253bfac3b0816d6f09863824729ffc3,https,lowermybills.com,/lending/home-equity/app/index.loan,,trafficQualifierId=1&sourceId=lmb-49854-103375-200788&visitorId=3403996627&verticalVisitorId=4376835655&inquiryId=618373464&leadid_token=,mortgage,mortgage_heloc,mortgage_heloc
4EDBC0BE-F852-6C73-9858-AE8DCE8CA053,A1812AC6-A306-7D8E-8A34-7034094E1D59,https://offers.lendingtree.com/tla.aspx?tid=h2&vid=0-0-4-0-0-1-0-1&loan-type=HOMEEQUITY&icode=14640&cproduct=he&SpId=Display-HE-25500-20&promo=00109&esourceid=6283126&cchannel=display&csource=Google_Display_Network&cmethod=99356174&cname=1891613347236959628&ccreative=LT_060915_HELOC_ChooseAmounts_Purple_White_320x50_gif&cterm=LendingTree___display_campaign&siteid=36959&mpt=1552120494&mpcs=bypass&mpcr=99356174&mpcrset=root&gclid=EAIaIQobChMIk7ii-7Cm1wIVBHbBCh3SzwWgEAEYASAAEgIwcPD_BwE&mpch=ads#/step/2/,09e2fb8de4bdd51ee1c610901a501324,https,offers.lendingtree.com,/tla.aspx,/step/2/,tid=h2&vid=0-0-4-0-0-1-0-1&loan-type=HOMEEQUITY&icode=14640&cproduct=he&SpId=Display-HE-25500-20&promo=00109&esourceid=6283126&cchannel=display&csource=Google_Display_Network&cmethod=99356174&cname=1891613347236959628&ccreative=LT_060915_HELOC_ChooseAmounts_Purple_White_320x50_gif&cterm=LendingTree___display_campaign&siteid=36959&mpt=1552120494&mpcs=bypass&mpcr=99356174&mpcrset=root&gclid=EAIaIQobChMIk7ii-7Cm1wIVBHbBCh3SzwWgEAEYASAAEgIwcPD_BwE&mpch=ads,mortgage,mortgage_heloc,mortgage_heloc
954592D6-D7BC-43A0-7B73-F62069AA792F,A1812AC6-A306-7D8E-8A34-7034094E1D59,https://offers.lendingtree.com/tla.aspx?tid=h2&vid=0-0-5-0-0-1-0-1&loan-type=HOMEEQUITY&icode=14650&cproduct=HE&SpId=Display-HE-25064-20&promo=00109&esourceid=6237386&cchannel=display&csource=Google_Display_Network&cmethod=89664984&cname=1891613347236959308&ccreative=LT_060915_HELOC_ChooseAmounts_GreenWhite_728x90_5_html&cterm=LendingTree___display_campaign&siteid=36959&mpt=1129842795&mpcs=bypass&mpcr=89664984&mpcrset=root&gclid=CMmM8vLP3dYCFVK1wAodL0wLyA&mpch=ads#/step/2/,2063545e270984653b246b7b0c5082b4,https,offers.lendingtree.com,/tla.aspx,/step/2/,tid=h2&vid=0-0-5-0-0-1-0-1&loan-type=HOMEEQUITY&icode=14650&cproduct=HE&SpId=Display-HE-25064-20&promo=00109&esourceid=6237386&cchannel=display&csource=Google_Display_Network&cmethod=89664984&cname=1891613347236959308&ccreative=LT_060915_HELOC_ChooseAmounts_GreenWhite_728x90_5_html&cterm=LendingTree___display_campaign&siteid=36959&mpt=1129842795&mpcs=bypass&mpcr=89664984&mpcrset=root&gclid=CMmM8vLP3dYCFVK1wAodL0wLyA&mpch=ads,mortgage,mortgage_heloc,mortgage_heloc
22185B15-1615-7396-7422-13253996E8A1,B87EED3A-5F1D-1EA4-B60B-FCC3F180B22D,https://lowermybills.com/lending/home-equity/app/index.loan,ff1e83b8ee6c2dcc0c00c017c845a904,https,lowermybills.com,/lending/home-equity/app/index.loan,,,mortgage,mortgage_heloc,mortgage_heloc